Soil_Type,pH_Level,Nitrogen,Phosphorus,Potassium,Organic_Matter,Soil_Moisture,Temperature,Humidity,Rainfall,Wind_Speed,Water_Table,Location,Altitude,Best_Crop
Sandy,5.38,120.59,25.57,97.75,4.78,Moderate,12.79,29.73,1074.17,5.38,7.22,Tropical,1419.23,Sugarcane
Loamy,5.07,294.51,25.57,11.7,2.83,Dry,26.41,67.88,723.0,18.08,6.7,Temperate,1625.95,Sugarcane
Clay,5.06,124.4,86.45,80.28,2.96,Moderate,21.58,60.77,1717.04,0.99,0.8,Tropical,1514.35,Sugarcane
Clay,5.45,262.37,105.03,139.01,4.03,Wet,28.05,60.94,1920.23,0.44,6.38,Arid,557.86,Rice
Loamy,8.49,206.32,71.52,198.8,1.55,Dry,25.89,40.09,1658.47,5.91,9.19,Tropical,687.06,Soybean
Loamy,6.92,102.34,37.35,40.13,3.26,Moderate,19.67,56.56,1163.94,5.28,7.58,Temperate,1804.74,Barley
Clay,7.4,134.46,16.53,225.26,1.36,Dry,36.21,25.4,907.37,6.77,3.85,Temperate,1575.3,Barley
Sandy,7.87,161.51,81.89,242.68,0.53,Wet,32.9,45.13,796.03,11.38,4.4,Arid,1297.4,Rice
Loamy,7.31,86.69,112.22,137.1,3.91,Moderate,21.2,64.68,1073.85,8.33,8.91,Temperate,906.52,Barley
Clay,5.51,97.72,35.45,121.48,2.53,Wet,31.25,73.62,712.03,5.24,3.85,Temperate,138.43,Barley
Clay,8.15,35.86,26.48,56.95,4.02,Dry,15.0,53.76,1245.84,13.84,3.41,Temperate,646.78,Maize
Loamy,7.01,214.76,117.01,12.83,1.06,Dry,33.62,51.2,897.59,7.22,7.11,Temperate,1642.87,Maize
Sandy,7.62,177.44,30.6,67.87,2.56,Wet,22.91,67.37,1019.13,15.77,8.51,Tropical,1341.77,Maize
Loamy,7.79,59.17,96.11,127.7,3.74,Moderate,14.59,86.08,1145.15,7.13,7.1,Temperate,495.02,Rice
Sandy,7.33,43.71,118.92,11.53,4.53,Moderate,38.35,60.07,1007.35,5.89,8.24,Tropical,611.55,Rice
Sandy,6.51,209.46,133.65,51.69,1.37,Dry,23.6,64.48,817.17,16.04,6.08,Temperate,1660.18,Soybean
Sandy,6.71,46.04,109.52,145.41,2.53,Moderate,26.45,83.6,896.09,13.1,3.47,Temperate,1773.94,Sugarcane
Loamy,6.7,66.79,28.56,202.59,1.3,Moderate,32.56,87.68,734.91,13.23,1.98,Arid,1374.2,Barley
Sandy,6.53,250.45,126.17,86.88,4.98,Wet,25.02,47.61,1062.87,19.28,6.87,Arid,1796.39,Rice
Sandy,6.37,89.01,109.09,67.47,4.44,Dry,19.06,66.12,742.31,15.09,5.71,Tropical,1500.46,Wheat
Loamy,6.85,131.16,39.92,236.07,1.31,Wet,19.08,60.1,1036.87,11.88,1.34,Temperate,1012.85,Rice
Sandy,6.99,76.0,109.36,87.34,4.11,Moderate,12.74,86.64,740.92,15.03,7.57,Arid,569.92,Rice
Clay,5.05,264.97,65.16,244.11,2.31,Wet,27.06,36.16,1272.85,0.38,8.45,Temperate,1652.66,Sugarcane
Loamy,5.58,36.06,146.78,143.52,3.72,Dry,26.51,56.39,866.72,7.52,8.32,Arid,1519.1,Maize
Sandy,6.99,119.05,143.38,230.68,3.56,Wet,13.56,47.24,1803.91,6.16,2.38,Tropical,631.74,Soybean
Sandy,6.88,220.73,102.93,22.03,0.97,Moderate,23.34,37.74,1846.34,8.74,6.42,Temperate,1231.89,Maize
Clay,6.99,248.75,117.27,34.75,1.65,Dry,16.28,25.97,1654.61,3.38,0.67,Temperate,531.47,Wheat
Clay,8.36,74.05,114.74,180.36,4.67,Dry,38.05,89.9,1354.31,9.45,3.18,Temperate,1520.13,Barley
Sandy,5.11,278.95,38.96,206.12,1.47,Wet,38.72,44.39,1937.2,12.97,3.17,Temperate,1249.05,Rice
Loamy,6.18,150.88,96.2,249.41,3.89,Moderate,14.38,78.79,1723.28,1.49,5.7,Tropical,1183.92,Wheat
Sandy,5.82,248.93,148.67,65.81,2.25,Moderate,17.77,86.26,1623.03,11.02,5.08,Tropical,1667.28,Barley
Clay,6.42,140.82,62.35,137.95,3.57,Moderate,16.36,86.89,1926.92,3.42,4.13,Temperate,1044.71,Wheat
Sandy,6.48,20.85,7.01,180.19,1.53,Wet,14.72,77.69,1240.25,15.08,8.67,Temperate,1750.01,Barley
Sandy,5.06,90.8,98.1,153.57,3.63,Dry,17.23,59.44,1116.76,2.65,1.13,Temperate,1399.43,Barley
Clay,5.75,69.46,71.84,105.4,0.76,Dry,20.0,89.96,901.06,10.45,8.51,Tropical,1052.51,Barley
Sandy,6.23,286.96,124.56,60.82,2.62,Wet,25.08,53.78,628.68,6.26,3.05,Tropical,1494.66,Barley
Loamy,7.65,188.05,68.05,45.58,3.45,Wet,37.34,29.37,785.12,10.8,8.09,Arid,734.31,Maize
Clay,5.91,258.16,131.36,54.69,4.41,Wet,37.8,73.93,528.82,6.83,4.8,Temperate,456.69,Barley
Loamy,5.62,198.51,113.24,146.89,1.34,Dry,34.73,20.97,1566.8,18.46,8.41,Temperate,1583.13,Sugarcane
Clay,6.19,191.23,83.27,170.58,3.02,Moderate,24.5,25.14,1955.79,1.89,8.49,Temperate,746.56,Rice
Sandy,5.75,225.29,119.94,61.43,4.63,Wet,27.41,70.75,1596.93,7.22,5.26,Temperate,99.16,Sugarcane
Clay,6.55,214.81,116.53,42.15,3.18,Moderate,22.11,81.82,1265.25,5.08,8.08,Arid,1750.11,Soybean
Clay,7.2,226.64,101.28,206.69,1.88,Moderate,30.05,89.2,932.07,12.58,9.56,Temperate,422.81,Rice
Clay,5.01,152.9,131.62,107.66,4.18,Dry,21.95,72.86,665.88,7.19,0.94,Tropical,167.21,Rice
Loamy,8.29,161.95,110.37,22.54,2.13,Moderate,18.44,76.21,634.03,3.79,6.47,Tropical,701.13,Maize
Clay,7.51,196.92,106.66,98.1,3.87,Dry,20.73,39.38,1755.95,10.1,7.73,Arid,497.19,Sugarcane
Clay,6.36,271.76,139.34,163.09,4.88,Wet,33.47,51.32,803.88,15.58,3.04,Temperate,533.45,Rice
Clay,6.95,45.66,143.54,201.43,4.65,Wet,25.3,21.98,1440.95,2.43,4.83,Tropical,1507.23,Sugarcane
Loamy,7.84,27.6,31.77,56.24,1.11,Moderate,31.92,24.47,722.65,12.83,9.76,Arid,735.25,Barley
Loamy,6.98,174.96,139.98,48.38,4.49,Dry,35.76,47.75,1945.82,6.3,4.84,Temperate,498.22,Maize
Loamy,7.32,215.73,142.02,68.09,2.77,Wet,14.92,50.48,1501.87,11.33,0.68,Temperate,351.4,Rice
Loamy,5.46,196.23,83.27,221.93,2.32,Wet,36.13,85.81,1307.28,7.31,1.81,Arid,401.96,Maize
Clay,6.66,52.08,24.15,246.49,1.96,Moderate,13.25,24.5,948.48,1.81,9.51,Arid,563.89,Wheat
Clay,5.15,139.2,54.67,120.61,2.95,Dry,24.38,89.41,563.33,15.69,0.87,Arid,496.17,Soybean
Loamy,8.43,173.82,75.45,171.8,4.57,Moderate,29.26,38.6,1516.8,15.67,7.09,Temperate,1073.11,Rice
Clay,7.41,25.89,91.34,91.01,4.29,Dry,39.57,47.28,1263.6,10.94,2.31,Tropical,1551.17,Barley
Loamy,8.49,131.4,124.36,70.22,4.35,Wet,16.1,81.99,567.65,13.54,2.98,Temperate,1872.72,Soybean
Clay,6.34,279.42,132.19,120.11,4.9,Wet,10.69,46.18,1140.33,13.26,5.45,Tropical,1904.19,Rice
Sandy,5.16,129.81,64.19,176.46,2.89,Moderate,26.5,80.47,1010.07,15.4,1.27,Arid,1897.36,Barley
Loamy,6.07,131.48,88.63,231.1,3.09,Wet,20.21,84.77,796.74,0.75,8.31,Tropical,1477.27,Sugarcane
Loamy,6.58,29.79,29.84,51.79,1.64,Dry,26.46,33.69,1655.62,5.93,6.25,Arid,620.83,Soybean
Sandy,8.0,279.67,113.04,74.73,3.69,Dry,29.69,86.01,1955.82,0.28,1.48,Tropical,1249.5,Maize
Sandy,6.04,40.09,28.23,55.01,1.71,Wet,11.12,53.53,1634.03,18.55,7.73,Temperate,245.51,Maize
Clay,6.87,187.66,111.42,223.52,1.01,Wet,32.9,25.18,912.19,3.54,4.5,Temperate,1794.46,Maize
Sandy,6.76,167.03,21.16,72.66,0.55,Dry,25.58,48.44,1904.23,14.44,3.75,Arid,499.57,Maize
Clay,6.94,134.98,97.22,84.49,0.61,Dry,16.58,59.4,1228.28,17.75,9.97,Temperate,1124.87,Maize
Sandy,8.3,52.86,59.75,76.79,2.72,Dry,30.74,30.82,659.68,3.21,8.43,Tropical,1012.39,Wheat
Loamy,6.25,23.8,147.2,145.37,3.48,Wet,11.04,39.27,1191.46,6.09,4.77,Tropical,573.13,Sugarcane
Sandy,6.72,202.24,109.32,245.68,4.81,Wet,25.69,53.6,908.92,10.72,1.89,Temperate,552.03,Barley
Sandy,8.15,230.2,92.65,129.54,4.83,Dry,29.22,22.23,1325.77,15.53,1.3,Tropical,586.75,Barley
Loamy,5.79,69.96,94.96,232.51,4.64,Wet,18.32,46.25,1830.93,2.14,3.35,Temperate,1199.17,Barley
Loamy,5.76,111.59,61.84,167.74,4.5,Moderate,17.47,39.76,1736.46,10.79,1.06,Arid,292.79,Soybean
Clay,7.13,137.3,101.21,134.66,1.74,Dry,15.61,45.59,1707.47,14.85,0.54,Arid,152.88,Rice
Sandy,6.9,70.8,36.68,83.55,1.33,Dry,39.13,70.3,1163.11,0.38,7.05,Temperate,1179.66,Sugarcane
Sandy,5.26,116.53,79.72,42.25,0.66,Dry,31.46,69.34,1511.26,2.73,7.83,Arid,492.29,Maize
Sandy,6.29,56.86,86.93,52.95,2.76,Moderate,14.9,31.89,568.33,10.05,2.59,Arid,622.61,Soybean
Loamy,7.1,155.56,110.04,201.11,3.81,Wet,33.19,85.12,1161.14,15.85,1.75,Arid,495.21,Rice
Loamy,7.97,277.17,135.18,21.51,3.09,Dry,16.88,80.75,1942.94,12.78,2.32,Arid,1447.18,Barley
Sandy,8.03,26.59,7.58,136.96,3.48,Moderate,14.13,31.46,1123.93,2.81,6.31,Arid,951.5,Maize
Loamy,6.98,239.58,63.85,172.62,1.21,Dry,15.53,38.7,1205.93,10.99,4.66,Temperate,375.91,Sugarcane
Loamy,6.08,64.62,102.86,139.2,0.84,Dry,18.14,24.44,1246.04,11.14,2.2,Temperate,1818.01,Barley
Clay,6.09,175.41,71.71,175.85,4.66,Dry,35.89,72.85,942.32,6.38,1.15,Arid,1587.38,Wheat
Clay,7.5,153.37,64.0,51.67,3.44,Moderate,24.29,22.84,908.34,13.02,7.4,Tropical,1207.39,Rice
Sandy,5.31,238.86,98.95,218.71,3.06,Dry,33.07,22.17,684.76,6.24,2.38,Tropical,909.59,Maize
Loamy,5.6,138.01,76.85,126.51,1.52,Moderate,20.33,60.89,1311.98,19.73,6.39,Tropical,1831.19,Rice
Sandy,8.33,77.42,99.89,81.7,4.14,Wet,36.47,39.12,1526.0,16.82,6.82,Arid,1227.75,Maize
Loamy,6.11,222.66,51.86,207.88,3.56,Dry,22.19,79.32,1320.23,7.37,9.38,Temperate,83.91,Rice
Sandy,7.89,168.2,15.61,185.88,1.91,Dry,23.73,32.55,647.32,2.31,8.05,Arid,1254.6,Maize
Loamy,7.19,161.5,89.35,190.93,1.97,Wet,17.56,58.7,1167.94,2.37,1.73,Tropical,1577.86,Wheat
Sandy,5.33,50.36,127.68,118.07,4.28,Wet,37.6,69.41,1540.87,17.1,6.32,Tropical,1090.87,Wheat
Loamy,7.28,127.17,35.11,244.88,1.29,Wet,35.14,75.4,1997.5,4.63,3.1,Tropical,146.74,Rice
Sandy,5.64,242.69,21.71,153.16,3.42,Dry,18.25,74.11,1923.97,8.45,6.92,Temperate,1824.17,Rice
Clay,5.37,123.62,24.3,27.4,0.83,Moderate,28.61,83.57,1659.41,18.14,5.49,Tropical,1820.25,Soybean
Sandy,8.37,234.01,125.92,30.55,4.45,Wet,27.93,58.29,1018.71,15.82,3.38,Arid,551.42,Rice
Sandy,7.34,24.11,62.13,137.82,3.85,Dry,20.75,79.0,1674.9,4.38,8.94,Tropical,1370.87,Soybean
Loamy,6.28,110.94,64.19,47.18,1.0,Dry,23.4,76.98,1420.68,18.81,3.0,Temperate,1875.16,Wheat
Loamy,5.41,140.35,44.75,117.94,3.29,Wet,34.28,22.87,1309.47,3.78,7.74,Temperate,321.8,Wheat
Clay,6.79,10.87,70.75,172.82,4.14,Wet,25.87,29.61,1178.02,13.77,9.73,Temperate,435.68,Rice
Sandy,8.16,243.4,26.25,64.66,1.5,Wet,17.79,73.02,586.35,0.91,9.28,Temperate,877.68,Barley
Sandy,7.61,65.81,50.68,36.6,2.17,Wet,33.57,51.07,792.76,10.37,4.0,Temperate,1102.55,Barley
Sandy,6.24,205.63,26.19,141.33,3.0,Moderate,16.85,24.43,664.76,9.52,9.95,Arid,299.95,Wheat
Clay,6.41,13.2,36.47,179.12,1.05,Dry,18.54,29.85,743.52,15.11,4.12,Temperate,110.85,Barley
Loamy,8.12,157.72,109.18,91.43,4.94,Wet,15.46,77.71,1534.39,1.3,5.0,Tropical,1387.52,Maize
Sandy,6.11,229.02,141.4,96.45,3.59,Wet,27.39,73.52,1352.4,9.34,9.5,Temperate,350.13,Maize
Loamy,7.57,156.73,51.53,121.73,3.39,Wet,12.21,55.59,1227.85,4.32,4.62,Temperate,734.68,Soybean
Loamy,8.33,74.59,6.91,117.86,4.78,Dry,21.75,56.27,1188.57,19.84,8.27,Temperate,1922.77,Soybean
Sandy,5.61,88.45,80.11,141.22,2.59,Wet,32.47,64.54,741.64,13.29,7.15,Temperate,1761.61,Soybean
Sandy,5.23,159.01,97.33,241.99,3.7,Dry,29.08,41.41,766.24,4.69,2.52,Temperate,636.17,Maize
Clay,5.11,116.15,50.94,175.13,2.94,Wet,35.66,58.07,817.02,7.22,5.98,Tropical,1231.7,Wheat
Sandy,6.28,49.04,57.13,85.54,0.85,Moderate,29.88,85.58,703.01,3.87,5.1,Arid,1620.48,Rice
Loamy,6.77,87.23,55.77,242.44,4.27,Moderate,12.54,24.34,1349.61,6.5,4.63,Temperate,1442.74,Sugarcane
Loamy,7.07,179.7,28.44,183.66,0.7,Dry,13.06,34.68,822.22,2.04,7.08,Tropical,124.64,Sugarcane
Clay,5.78,89.89,110.34,90.68,3.04,Moderate,25.84,64.28,692.23,7.75,4.17,Arid,452.96,Barley
Clay,6.41,134.86,34.64,98.94,3.96,Wet,14.52,30.73,974.71,13.73,3.03,Arid,456.8,Wheat
Loamy,5.44,130.48,89.2,78.24,0.64,Moderate,21.52,31.77,839.63,2.99,3.18,Tropical,1441.72,Rice
Loamy,6.06,118.56,80.63,11.5,3.2,Moderate,22.88,54.93,906.14,6.14,1.21,Arid,534.27,Wheat
Loamy,6.84,47.47,54.63,222.83,1.96,Wet,18.39,61.76,1583.21,18.89,4.75,Arid,1665.96,Rice
Loamy,8.07,207.76,137.4,110.16,2.7,Moderate,10.6,42.9,1266.07,10.38,1.91,Temperate,1743.31,Rice
Sandy,6.61,168.98,142.42,84.35,0.9,Moderate,31.01,34.65,1905.55,10.12,5.47,Tropical,109.47,Maize
Loamy,7.16,154.32,121.56,47.27,4.87,Moderate,12.92,74.48,1236.51,14.38,0.5,Temperate,1280.89,Wheat
Loamy,7.88,18.5,68.54,128.44,1.07,Dry,13.55,86.82,1629.87,1.06,3.0,Temperate,1316.96,Sugarcane
Sandy,7.7,80.96,56.18,154.97,1.68,Dry,38.87,77.16,1313.11,12.81,2.59,Temperate,993.28,Soybean
Loamy,5.84,181.79,122.07,211.06,1.52,Moderate,23.46,58.41,931.19,2.55,3.47,Tropical,698.0,Soybean
Sandy,7.58,150.46,127.13,52.4,3.89,Moderate,14.52,40.54,1582.1,14.16,7.85,Arid,722.41,Maize
Sandy,5.78,282.04,83.43,70.65,1.86,Moderate,39.45,56.02,1054.76,8.42,6.29,Temperate,1427.73,Sugarcane
Sandy,8.16,162.7,129.74,97.58,1.37,Moderate,29.54,23.44,1190.91,9.14,0.54,Temperate,1892.23,Sugarcane
Sandy,7.21,105.16,69.95,192.8,1.23,Moderate,23.12,89.22,792.99,3.34,9.56,Tropical,572.1,Soybean
Loamy,5.97,185.22,96.02,192.88,2.18,Moderate,31.78,64.06,1740.25,14.47,3.72,Tropical,344.42,Barley
Loamy,6.18,162.46,126.45,153.04,3.08,Dry,30.4,71.72,1048.07,12.64,3.38,Temperate,320.11,Sugarcane
Loamy,8.46,167.39,13.37,159.93,3.83,Dry,19.77,36.04,1673.4,16.05,2.71,Tropical,908.18,Soybean
Loamy,6.97,236.47,114.27,162.99,1.48,Moderate,22.38,65.36,1255.18,6.45,9.53,Temperate,901.01,Barley
Loamy,7.37,143.97,90.22,169.43,2.68,Dry,38.51,41.41,1363.46,10.87,3.51,Arid,336.4,Barley
Loamy,8.33,227.57,10.26,150.22,1.2,Wet,10.97,62.31,1380.13,16.45,0.68,Arid,1914.36,Sugarcane
Clay,7.11,157.98,72.75,44.13,1.52,Wet,12.11,51.26,826.93,19.14,3.78,Temperate,767.98,Rice
Loamy,6.36,65.65,79.01,81.03,4.15,Dry,16.17,71.33,987.57,12.25,6.63,Tropical,546.3,Sugarcane
Loamy,6.46,190.95,91.59,103.36,4.36,Wet,20.39,74.06,1692.42,0.19,2.99,Arid,1174.58,Sugarcane
Sandy,7.35,12.41,34.3,27.89,3.04,Wet,39.61,38.14,1091.58,4.51,2.68,Tropical,1258.76,Sugarcane
Clay,7.05,122.21,104.47,137.07,3.12,Moderate,16.92,80.76,1467.11,12.76,3.37,Temperate,144.46,Rice
Sandy,6.73,116.13,124.24,151.86,3.27,Dry,16.9,47.07,1668.01,15.89,5.82,Arid,693.12,Soybean
Sandy,8.26,84.22,48.62,40.26,1.38,Wet,19.63,55.61,977.63,9.59,1.09,Temperate,1322.35,Sugarcane
Sandy,5.26,56.98,53.32,17.48,1.13,Wet,34.41,23.87,1367.17,1.36,6.48,Temperate,1218.91,Maize
Sandy,5.37,101.56,77.87,103.91,3.34,Moderate,28.68,25.39,639.9,16.32,1.14,Arid,337.16,Maize
Sandy,6.6,73.86,47.24,62.29,0.93,Dry,20.29,30.04,1476.95,3.32,9.15,Tropical,1147.04,Barley
Sandy,7.25,288.31,119.88,32.27,4.19,Dry,25.74,49.85,1017.12,1.15,1.5,Temperate,488.09,Barley
Loamy,8.28,147.22,47.09,167.67,2.7,Moderate,14.35,34.92,1323.35,7.83,8.79,Temperate,1385.5,Barley
Loamy,8.42,286.4,125.29,224.82,4.83,Wet,16.65,44.32,1755.35,9.94,0.64,Tropical,1302.32,Wheat
Loamy,6.65,187.81,127.87,72.0,0.82,Moderate,32.66,55.48,1659.5,9.81,2.16,Arid,1017.07,Rice
Loamy,5.13,278.12,76.38,133.75,0.78,Wet,26.54,64.88,1673.22,10.18,8.09,Arid,71.53,Wheat
Loamy,6.19,56.68,83.23,46.55,1.24,Dry,34.49,89.22,1965.45,3.94,7.55,Temperate,872.57,Sugarcane
Loamy,8.33,66.65,145.03,19.62,1.78,Dry,33.78,80.24,1752.68,12.7,7.82,Arid,54.21,Sugarcane
Loamy,7.88,48.27,34.07,182.95,1.62,Moderate,23.41,43.89,912.64,13.11,3.24,Arid,66.7,Rice
Clay,5.48,295.8,91.95,185.05,1.93,Wet,18.11,87.87,849.21,0.09,5.83,Arid,726.9,Wheat
Sandy,5.1,65.37,89.93,39.87,4.59,Dry,25.8,47.07,1097.25,10.97,6.16,Arid,1875.53,Wheat
Clay,7.31,107.07,36.39,171.09,2.51,Dry,20.9,39.79,1957.38,5.01,9.26,Temperate,456.96,Rice
Sandy,5.15,46.76,28.86,48.99,2.71,Moderate,27.86,72.69,992.72,4.71,1.62,Tropical,1796.97,Maize
Loamy,5.53,243.56,125.78,96.32,1.79,Wet,39.14,35.25,1058.14,2.62,9.19,Arid,340.97,Rice
Clay,7.5,76.56,13.46,164.31,4.32,Wet,12.98,80.27,1800.74,7.94,4.3,Tropical,338.22,Rice
Loamy,5.67,111.56,48.02,29.58,1.27,Wet,37.4,53.93,743.29,19.76,9.98,Tropical,912.37,Wheat
Sandy,8.02,158.73,100.02,184.92,2.92,Wet,31.16,43.98,1463.97,15.33,4.69,Temperate,259.78,Barley
Loamy,6.9,141.64,64.35,70.41,2.13,Dry,38.46,85.53,1086.44,8.16,2.5,Temperate,196.16,Barley
Loamy,6.34,21.28,73.8,86.41,2.37,Dry,18.88,83.92,1907.42,5.51,2.31,Tropical,578.61,Sugarcane
Clay,8.26,24.15,33.63,98.34,4.36,Wet,31.97,78.2,1929.57,0.29,0.82,Temperate,1062.49,Sugarcane
Sandy,6.13,49.64,18.42,243.71,1.0,Wet,23.02,66.59,1016.25,16.46,2.25,Arid,907.72,Rice
Sandy,5.71,267.63,46.55,89.58,4.6,Moderate,38.5,45.54,1356.14,3.97,3.3,Temperate,1216.8,Soybean
Loamy,7.77,130.11,81.08,101.92,1.41,Wet,22.63,57.76,980.01,2.81,6.88,Temperate,1919.32,Sugarcane
Sandy,6.83,31.65,28.78,42.99,4.46,Wet,30.11,78.97,1007.93,7.88,1.9,Temperate,400.79,Wheat
Loamy,8.13,229.26,149.67,213.24,2.63,Dry,26.85,24.83,1200.41,13.19,5.9,Tropical,813.54,Sugarcane
Sandy,6.64,73.27,111.83,21.72,1.46,Dry,17.81,35.42,1583.18,8.42,8.81,Tropical,1587.83,Soybean
Loamy,6.41,45.46,30.85,121.2,1.29,Dry,34.72,60.96,1704.14,9.32,1.91,Arid,978.23,Maize
Sandy,6.66,291.07,104.92,91.93,4.91,Dry,28.83,89.56,1327.26,6.35,2.55,Arid,1990.39,Rice
Loamy,6.75,243.9,30.25,105.1,1.97,Dry,35.34,64.06,939.4,7.88,9.22,Temperate,435.07,Rice
Sandy,5.73,81.09,54.18,242.17,2.15,Moderate,39.69,27.63,798.13,4.81,5.97,Arid,516.64,Soybean
Clay,7.75,108.03,81.11,208.91,2.14,Wet,31.2,29.76,1423.21,11.71,8.24,Tropical,720.04,Rice
Loamy,6.3,202.32,21.77,139.86,3.13,Wet,36.57,48.01,1268.52,14.51,7.68,Temperate,1279.33,Barley
Clay,6.14,53.08,83.32,204.11,0.87,Wet,13.3,89.37,1475.13,9.31,4.3,Temperate,1856.01,Rice
Sandy,6.23,96.6,96.63,204.86,4.46,Moderate,17.12,39.28,1301.16,8.9,4.58,Temperate,769.37,Maize
Sandy,5.73,112.59,29.17,208.64,4.87,Moderate,11.64,25.76,1690.34,1.35,1.85,Tropical,1481.02,Maize
Clay,7.53,34.13,30.78,77.17,3.92,Dry,22.5,34.65,1578.14,15.65,2.61,Arid,1791.72,Sugarcane
Clay,8.33,179.87,49.12,213.68,3.28,Moderate,29.28,77.5,1242.71,13.71,2.5,Arid,1439.73,Rice
Sandy,6.24,147.32,121.41,162.38,1.93,Wet,38.6,22.97,657.58,15.94,0.75,Arid,108.86,Barley
Sandy,7.38,171.15,15.44,139.79,2.24,Moderate,12.42,43.83,1631.0,4.85,7.35,Arid,569.18,Barley
Loamy,6.96,140.28,97.16,181.63,4.93,Wet,26.81,44.65,581.47,15.77,6.73,Temperate,1532.63,Sugarcane
Clay,5.59,265.13,31.42,75.81,2.36,Moderate,26.46,64.17,815.16,1.15,9.6,Tropical,1677.49,Soybean
Clay,5.39,69.58,81.21,141.89,3.62,Dry,25.27,45.39,513.56,16.55,3.34,Temperate,201.46,Sugarcane
Sandy,6.01,143.19,121.76,192.5,3.57,Wet,26.5,85.84,789.2,16.96,3.76,Temperate,1210.74,Wheat
Loamy,6.95,236.47,92.23,128.67,4.2,Dry,34.04,40.95,1551.25,10.91,1.93,Temperate,549.9,Sugarcane
Loamy,7.42,74.16,5.09,34.62,3.5,Dry,33.68,41.13,1235.35,16.03,3.15,Temperate,1783.01,Rice
Clay,6.26,116.46,115.27,207.46,2.98,Dry,29.5,58.66,916.24,5.68,5.05,Arid,1463.57,Sugarcane
Sandy,6.47,20.44,52.89,197.37,4.77,Moderate,16.0,44.79,1995.75,16.72,1.48,Tropical,1499.83,Wheat
Sandy,5.36,65.02,101.8,108.44,2.88,Dry,15.96,30.16,1084.33,13.41,2.41,Arid,198.7,Wheat
Clay,7.26,215.99,96.7,245.96,3.81,Wet,36.83,32.91,1704.03,5.51,8.19,Tropical,81.32,Sugarcane
Loamy,7.6,170.23,90.74,114.15,2.58,Wet,17.1,66.85,1407.45,11.28,9.03,Arid,1266.86,Rice
Loamy,8.01,173.78,33.63,171.03,4.44,Dry,16.45,51.78,601.87,19.32,0.53,Arid,1912.64,Soybean
Sandy,5.84,115.0,125.08,99.6,1.49,Moderate,28.18,21.79,1511.75,19.91,7.71,Arid,711.56,Wheat
Clay,6.11,123.53,93.35,214.56,0.92,Wet,17.37,70.1,1004.52,12.41,1.41,Temperate,249.75,Sugarcane
Clay,7.76,142.34,131.63,210.24,3.12,Dry,36.84,81.01,1858.29,15.97,2.97,Arid,1991.23,Rice
Clay,8.15,240.6,145.58,103.26,4.88,Moderate,35.49,84.78,1245.68,5.72,0.74,Tropical,1113.79,Maize
Sandy,5.52,181.04,118.62,17.59,4.98,Moderate,10.03,57.63,562.56,16.66,1.95,Tropical,1872.97,Maize
Sandy,8.1,277.8,138.39,47.35,1.6,Wet,14.59,25.39,1363.76,12.77,4.95,Arid,993.43,Soybean
Clay,6.06,56.25,97.33,17.36,4.62,Moderate,26.55,29.36,1739.08,7.36,1.83,Tropical,1815.08,Soybean
Loamy,6.36,160.79,42.76,43.33,1.76,Wet,29.17,83.41,1489.85,1.58,3.8,Tropical,526.46,Barley
Sandy,5.93,272.99,11.41,101.2,3.02,Moderate,23.15,81.17,543.35,9.13,2.28,Arid,838.48,Rice
Sandy,7.29,96.27,29.99,63.28,3.01,Dry,36.48,53.23,1716.26,4.62,9.17,Temperate,538.81,Wheat
Sandy,5.87,42.65,120.61,106.21,2.53,Moderate,35.47,35.39,1530.11,6.71,3.61,Temperate,760.95,Soybean
Clay,6.33,126.39,125.58,140.06,4.62,Dry,14.62,20.54,1309.36,7.11,9.22,Arid,1380.56,Maize
Loamy,8.43,259.23,96.32,26.47,4.9,Wet,23.39,50.16,1871.76,5.75,5.5,Arid,1766.86,Wheat
Sandy,7.83,129.81,14.02,183.97,1.86,Wet,30.41,24.44,1687.53,14.39,5.55,Tropical,391.84,Maize
Clay,6.1,94.77,63.62,214.7,3.46,Wet,26.7,40.7,846.47,19.37,2.88,Tropical,827.23,Wheat
Sandy,6.99,105.87,58.27,82.1,4.36,Moderate,31.48,23.44,911.41,15.18,9.5,Temperate,1676.5,Barley
Sandy,6.78,268.86,25.56,23.84,3.06,Wet,24.69,54.85,1581.18,19.52,1.22,Tropical,814.5,Barley
Sandy,8.25,105.01,89.32,209.19,2.89,Wet,32.83,71.93,1207.29,13.77,5.89,Temperate,512.62,Maize
Loamy,6.56,247.69,95.0,79.44,0.82,Dry,39.32,66.73,838.91,19.84,2.44,Temperate,1148.47,Wheat
Sandy,6.01,220.22,54.39,91.84,1.05,Dry,24.27,41.22,619.21,10.73,5.31,Arid,720.38,Soybean
Loamy,6.44,242.66,41.53,248.06,3.74,Dry,13.95,84.04,1100.91,13.07,3.18,Tropical,406.15,Maize
Loamy,7.56,48.29,103.27,80.88,2.42,Dry,16.36,75.73,1499.36,5.51,2.74,Arid,1662.78,Maize
Loamy,7.74,52.62,138.79,193.9,2.85,Wet,33.13,32.47,1691.48,5.66,8.93,Arid,988.08,Rice
Loamy,5.05,232.64,84.65,82.45,2.32,Wet,34.1,39.18,1814.71,17.96,9.52,Temperate,1711.01,Barley
Loamy,5.49,257.65,78.91,24.42,4.82,Dry,16.38,56.8,1099.02,9.82,4.17,Temperate,1759.91,Sugarcane
Clay,6.6,233.21,90.09,151.86,1.59,Wet,35.32,82.9,1997.6,18.88,3.18,Temperate,715.73,Rice
Sandy,7.44,181.46,48.54,101.72,1.36,Wet,14.61,58.1,807.91,7.48,4.01,Arid,1588.25,Barley
Clay,8.08,265.92,22.82,70.54,4.03,Moderate,30.12,60.48,1082.49,12.38,6.92,Temperate,266.39,Rice
Clay,5.62,265.85,73.87,142.67,3.6,Moderate,35.2,87.35,1558.68,15.55,6.05,Tropical,303.35,Maize
Loamy,6.48,100.04,143.0,232.6,0.83,Wet,14.17,41.37,981.53,19.05,9.14,Tropical,1365.63,Soybean
Clay,5.46,82.93,105.57,83.17,2.97,Wet,16.13,63.31,1038.23,16.03,4.77,Arid,1454.37,Wheat
Loamy,6.99,105.2,69.6,191.74,3.64,Wet,25.81,33.26,1978.43,12.36,8.79,Tropical,1684.23,Soybean
Loamy,6.32,234.96,141.14,148.87,0.54,Dry,24.95,31.27,1656.02,16.06,1.45,Arid,1589.06,Sugarcane
Sandy,5.61,186.89,17.61,15.52,0.73,Wet,24.89,20.05,1316.71,1.53,4.67,Temperate,842.17,Barley
Clay,8.31,125.41,20.17,15.65,1.6,Dry,20.41,38.03,1245.86,13.62,3.98,Tropical,615.47,Wheat
Loamy,7.04,109.79,135.93,157.38,3.93,Dry,15.5,52.46,1558.65,2.95,9.41,Temperate,769.21,Soybean
Sandy,6.12,290.58,108.91,63.06,1.82,Wet,15.34,86.46,539.19,8.93,9.59,Arid,621.11,Rice
Loamy,7.25,95.67,117.05,155.2,2.49,Wet,29.41,37.78,1415.25,10.68,2.28,Tropical,1473.89,Wheat
Sandy,6.19,236.74,38.92,16.88,3.45,Moderate,29.2,36.47,1331.38,4.68,7.12,Tropical,1124.12,Barley
Clay,8.12,171.52,132.92,202.84,2.38,Dry,19.35,47.38,1705.11,12.02,8.7,Tropical,435.61,Soybean
Sandy,8.24,41.66,100.54,165.1,2.43,Dry,27.01,73.46,1093.28,3.86,7.42,Temperate,757.04,Wheat
Loamy,8.28,98.56,80.88,147.46,3.0,Moderate,11.58,32.1,611.21,14.15,5.76,Temperate,1158.2,Rice
Sandy,6.57,104.04,84.74,114.49,1.59,Moderate,21.3,88.42,1107.78,7.07,2.14,Arid,1393.19,Barley
Clay,7.32,115.99,36.12,15.57,1.94,Dry,24.73,64.54,1639.59,9.76,6.02,Tropical,1351.71,Sugarcane
Sandy,6.15,139.85,39.43,44.41,2.01,Dry,23.12,44.58,1634.73,16.34,3.24,Arid,969.95,Rice
Sandy,7.84,295.73,30.9,236.44,4.03,Moderate,11.25,34.97,1941.56,15.34,4.57,Temperate,1512.61,Rice
Sandy,7.08,23.4,145.46,157.29,1.17,Moderate,18.97,54.38,778.21,7.24,3.33,Tropical,531.91,Maize
Sandy,5.59,54.35,38.67,79.0,4.24,Dry,16.45,77.63,1777.11,3.41,2.42,Temperate,1661.65,Soybean
Sandy,5.1,170.86,149.81,204.1,3.03,Wet,30.72,29.59,1819.87,0.54,8.56,Arid,933.75,Wheat
Sandy,6.45,86.98,125.57,245.49,2.24,Wet,12.09,62.2,619.71,11.82,8.18,Tropical,1107.07,Soybean
Clay,6.67,134.79,137.57,132.72,2.79,Moderate,34.72,20.84,1099.36,10.93,8.07,Tropical,1129.84,Maize
Loamy,5.93,157.58,51.98,101.59,4.8,Dry,34.43,51.41,909.62,18.68,8.77,Arid,236.08,Rice
Sandy,6.4,141.49,29.91,58.44,4.39,Wet,20.36,74.76,790.57,3.9,8.17,Temperate,1352.56,Rice
Sandy,7.47,183.04,21.39,66.73,2.81,Moderate,33.57,34.03,1338.34,16.02,2.38,Tropical,1399.6,Rice
Loamy,7.91,261.24,38.91,43.18,2.67,Moderate,20.8,24.95,1023.17,19.47,2.21,Temperate,1864.83,Sugarcane
Clay,6.23,60.82,24.87,97.92,3.71,Wet,32.6,43.8,1548.4,7.87,6.46,Tropical,1478.1,Soybean
Sandy,8.37,120.93,13.04,154.18,3.38,Wet,18.31,81.92,617.89,17.9,2.27,Temperate,1241.32,Soybean
Sandy,6.64,65.01,9.59,214.96,3.38,Dry,21.31,43.42,1412.94,18.62,0.64,Arid,539.54,Barley
Sandy,6.25,222.68,21.08,239.64,2.3,Dry,12.55,32.7,1176.26,5.01,2.74,Temperate,1546.27,Maize
Loamy,8.28,253.84,28.26,21.79,1.77,Wet,34.69,49.14,1785.74,13.04,4.68,Arid,658.47,Sugarcane
Sandy,7.77,299.56,58.41,77.65,2.41,Dry,20.79,30.82,1072.71,19.54,1.81,Tropical,502.36,Sugarcane
Loamy,5.45,273.2,27.53,25.67,1.83,Moderate,23.02,38.5,1645.84,7.85,7.84,Arid,1716.4,Barley
Loamy,5.25,224.21,51.67,211.86,1.91,Wet,19.38,23.58,1075.03,15.98,5.61,Temperate,978.42,Maize
Loamy,8.37,13.12,117.04,196.43,3.3,Dry,21.09,88.44,848.1,4.18,7.56,Arid,1649.24,Barley
Loamy,5.36,228.73,44.25,167.9,3.17,Moderate,38.39,58.58,576.61,15.21,3.47,Arid,1722.89,Barley
Clay,6.39,36.8,84.07,67.16,4.48,Dry,16.79,85.16,960.62,15.38,3.02,Temperate,1797.87,Soybean
Sandy,8.31,42.05,52.17,164.21,2.65,Dry,26.91,27.03,1028.58,4.51,7.78,Tropical,963.61,Rice
Clay,6.91,122.69,148.33,157.02,3.81,Dry,10.66,26.16,1035.46,8.35,9.07,Tropical,1390.15,Rice
Loamy,6.07,281.72,91.65,140.61,1.98,Moderate,18.55,61.42,1010.6,3.8,2.4,Tropical,791.83,Rice
Loamy,7.29,178.52,38.15,202.78,2.95,Wet,15.36,71.72,1620.91,6.74,1.66,Tropical,850.95,Wheat
Clay,5.64,125.38,123.21,20.0,4.22,Moderate,34.61,65.17,872.44,2.95,1.92,Tropical,132.29,Wheat
Clay,8.34,291.91,70.56,183.69,4.5,Wet,10.13,37.06,1662.39,17.75,3.01,Temperate,464.1,Wheat
Sandy,5.11,102.6,12.09,168.28,3.76,Dry,11.77,74.95,533.2,14.11,7.98,Arid,1951.82,Maize
Loamy,5.96,71.98,149.47,201.74,3.27,Moderate,14.69,23.34,1203.86,9.08,4.49,Arid,191.22,Maize
Sandy,7.8,146.05,6.43,145.07,2.94,Wet,21.48,39.54,1456.49,11.14,5.17,Temperate,1847.39,Wheat
Clay,7.48,241.14,113.12,237.94,3.03,Moderate,23.2,37.99,992.0,14.5,0.55,Temperate,1233.56,Rice
Clay,5.63,131.0,131.43,90.17,1.22,Dry,25.95,23.0,1204.3,3.68,3.25,Arid,1381.75,Soybean
Clay,5.66,292.56,143.73,138.85,1.92,Dry,17.08,81.96,610.86,4.13,3.33,Arid,842.1,Wheat
Loamy,6.4,137.21,77.41,98.65,2.5,Wet,23.23,55.81,1002.03,14.69,0.75,Tropical,472.61,Barley
Clay,5.94,53.05,41.08,12.19,0.94,Moderate,19.88,35.99,1815.93,11.7,5.68,Temperate,1653.68,Sugarcane
Clay,7.67,274.81,14.66,31.62,0.51,Moderate,14.3,74.9,1916.32,7.53,2.52,Arid,1930.72,Barley
Clay,5.56,251.67,74.37,84.85,0.73,Moderate,34.75,79.03,1585.4,3.8,2.92,Arid,874.96,Barley
Loamy,6.8,87.28,140.79,58.51,3.17,Dry,14.4,35.1,1960.91,6.36,9.78,Tropical,254.95,Rice
Loamy,7.64,97.6,33.81,175.86,1.56,Dry,36.87,22.75,920.48,16.44,4.88,Temperate,1153.1,Sugarcane
Loamy,7.44,89.14,108.42,199.04,0.68,Wet,16.74,41.18,1181.36,13.16,1.54,Temperate,633.96,Wheat
Sandy,5.89,16.22,77.07,27.02,2.92,Moderate,26.69,69.73,990.05,14.35,7.17,Tropical,151.18,Rice
Loamy,6.23,52.76,22.29,210.47,2.98,Moderate,16.7,67.39,746.46,13.78,3.54,Tropical,731.02,Sugarcane
Clay,6.75,83.34,106.38,127.19,1.16,Wet,10.7,43.64,849.08,14.24,5.22,Arid,1552.23,Rice
Clay,6.48,40.33,113.19,119.2,2.49,Wet,30.35,43.23,1783.32,18.38,4.09,Arid,1121.14,Soybean
Loamy,7.72,270.96,138.59,116.12,0.74,Wet,23.98,44.41,1740.75,17.62,7.78,Arid,1789.31,Maize
Loamy,5.59,159.85,50.59,136.13,4.78,Dry,30.46,67.87,849.21,7.3,4.42,Temperate,866.77,Rice
Loamy,7.07,277.92,57.39,239.25,3.12,Wet,33.6,41.06,1688.93,2.93,4.68,Tropical,1111.85,Soybean
Sandy,7.5,292.81,102.48,128.32,4.61,Moderate,30.78,49.62,1411.26,9.36,5.9,Temperate,805.67,Rice
Clay,5.46,47.23,7.87,94.57,0.61,Wet,25.47,41.52,1876.07,6.69,4.81,Temperate,1853.96,Barley
Sandy,6.36,250.8,47.78,194.97,4.14,Moderate,10.02,85.79,1514.43,3.18,2.07,Tropical,871.06,Rice
Loamy,5.13,285.68,94.17,95.33,2.82,Dry,11.29,77.45,848.44,5.47,1.5,Temperate,1324.71,Soybean
Loamy,7.35,149.29,61.43,174.8,0.75,Moderate,13.45,83.94,1460.37,15.58,5.41,Temperate,1325.3,Maize
Sandy,6.23,112.29,10.31,51.98,3.71,Moderate,14.69,45.04,1834.69,4.7,1.07,Tropical,75.39,Rice
Sandy,7.98,82.27,48.91,196.49,1.48,Dry,20.48,22.46,806.69,3.2,9.32,Tropical,1372.12,Maize
Sandy,7.94,276.68,117.61,210.36,4.37,Wet,37.9,83.32,1199.5,16.74,4.77,Arid,651.17,Maize
Loamy,6.84,36.61,34.17,202.99,1.77,Moderate,22.09,24.43,1294.28,10.31,5.44,Tropical,699.57,Rice
Clay,7.53,180.63,53.24,105.06,2.38,Moderate,28.38,73.67,1365.97,19.14,1.39,Arid,202.7,Maize
Clay,7.89,225.17,143.05,233.41,1.88,Moderate,33.52,73.04,1079.25,10.9,4.81,Tropical,523.23,Maize
Loamy,7.85,67.96,37.73,225.85,0.58,Wet,32.18,45.19,1420.43,18.51,3.5,Arid,1584.75,Maize
Sandy,6.45,220.67,25.29,99.86,1.21,Moderate,38.81,89.48,1728.65,17.89,4.84,Tropical,1713.55,Wheat
Clay,5.35,175.89,118.94,152.58,4.92,Wet,32.29,62.04,722.99,2.27,3.04,Arid,1805.54,Soybean
Loamy,7.11,13.02,123.89,79.47,4.0,Dry,38.33,60.48,1595.6,15.32,8.74,Tropical,967.05,Sugarcane
Loamy,6.09,40.91,92.23,249.43,2.61,Wet,27.29,63.51,1816.16,11.34,5.73,Temperate,1667.0,Maize
Loamy,7.53,147.91,143.52,87.13,3.23,Wet,35.64,26.19,1238.68,3.57,2.49,Arid,1621.75,Wheat
Sandy,8.19,38.11,7.48,211.07,2.22,Wet,31.49,89.91,1401.84,3.26,0.78,Temperate,1735.22,Sugarcane
Sandy,5.04,154.37,66.17,22.16,0.62,Moderate,33.04,61.56,1437.93,0.12,2.9,Temperate,942.01,Maize
Sandy,7.87,285.74,67.36,119.37,4.05,Wet,34.8,51.82,1251.61,8.55,1.12,Tropical,1655.94,Rice
Sandy,7.67,135.85,7.39,217.58,1.3,Wet,23.93,31.29,661.15,3.82,1.81,Temperate,464.45,Soybean
Loamy,5.29,109.36,85.38,199.59,2.02,Dry,22.19,85.76,1258.14,3.75,6.88,Arid,1962.95,Wheat
Loamy,5.61,127.22,102.06,106.33,3.91,Dry,39.52,34.04,720.29,7.58,2.5,Temperate,663.91,Soybean
Sandy,6.1,42.22,25.89,188.59,4.22,Wet,34.36,69.29,1963.75,11.54,6.38,Arid,1683.58,Wheat
Sandy,6.04,135.36,34.32,35.15,2.19,Moderate,29.61,85.53,1428.33,6.83,7.1,Tropical,1712.45,Barley
Loamy,8.36,76.3,117.99,103.14,2.93,Moderate,37.71,47.78,839.11,4.76,9.73,Arid,1532.02,Rice
Clay,8.4,171.88,106.32,32.77,4.86,Dry,39.67,49.41,1170.25,13.36,9.91,Tropical,1590.52,Rice
Sandy,5.66,235.09,118.79,205.8,4.5,Dry,12.32,57.98,1567.05,2.94,7.09,Tropical,408.22,Rice
Clay,7.23,249.99,46.18,88.2,0.71,Wet,32.4,76.93,813.16,19.29,3.81,Arid,1004.73,Barley
Clay,8.22,136.28,11.53,249.99,2.32,Dry,13.51,22.39,762.71,3.71,6.48,Arid,1098.98,Soybean
Sandy,7.86,21.78,34.48,91.15,1.53,Wet,34.78,76.39,1824.49,4.83,5.81,Tropical,990.22,Sugarcane
Clay,7.17,190.87,113.58,103.41,0.53,Wet,13.54,23.66,698.8,11.25,1.81,Tropical,956.71,Sugarcane
Sandy,7.51,28.13,119.0,146.94,2.72,Dry,35.96,76.0,757.33,13.56,9.58,Temperate,702.98,Sugarcane
Sandy,7.75,230.0,143.86,155.88,1.25,Wet,10.45,23.36,1883.35,14.78,3.55,Arid,1251.84,Wheat
Loamy,7.35,281.2,140.1,171.78,0.6,Dry,19.09,53.35,816.49,8.86,1.76,Temperate,1848.22,Sugarcane
Loamy,5.09,84.66,132.2,223.3,3.21,Dry,28.67,49.17,1237.73,18.49,8.32,Arid,426.78,Maize
Loamy,5.5,170.15,27.1,119.56,1.09,Dry,39.25,76.13,1767.89,2.05,5.42,Temperate,1637.14,Rice
Sandy,8.03,23.14,38.26,200.81,4.58,Moderate,19.21,44.07,1184.11,6.39,2.79,Temperate,1360.44,Sugarcane
Clay,5.18,32.26,104.99,109.49,1.03,Moderate,21.78,39.62,1737.84,1.42,3.48,Temperate,1263.48,Soybean
Sandy,5.17,51.38,48.54,201.53,0.55,Moderate,31.11,41.33,1873.61,6.81,0.91,Temperate,1022.95,Sugarcane
Sandy,5.08,71.66,101.55,26.44,0.73,Dry,19.84,75.7,668.75,10.08,4.47,Temperate,505.52,Rice
Sandy,5.96,36.02,7.85,247.6,1.33,Dry,37.41,84.98,1038.94,0.8,1.08,Tropical,1262.92,Barley
Sandy,6.51,213.29,14.89,154.14,3.79,Dry,10.66,65.31,1442.25,9.61,0.96,Tropical,970.48,Maize
Loamy,6.49,278.17,96.34,10.66,4.75,Moderate,22.53,81.37,1436.46,18.51,7.02,Arid,600.02,Wheat
Sandy,7.25,280.11,92.88,131.62,4.98,Dry,19.16,37.69,1539.35,8.04,7.22,Tropical,184.06,Barley
Loamy,5.1,298.5,50.04,138.58,0.96,Wet,12.11,45.07,1838.61,14.98,2.51,Tropical,1534.44,Rice
Clay,8.03,218.56,116.3,169.48,1.33,Moderate,28.39,73.9,722.95,6.6,1.59,Arid,1376.78,Maize
Loamy,5.14,278.92,95.61,214.63,0.87,Wet,27.66,62.9,1379.55,10.09,4.34,Arid,1131.06,Sugarcane
Clay,5.07,222.44,89.66,248.08,0.53,Moderate,13.47,74.22,1985.65,6.95,4.76,Arid,1013.39,Sugarcane
Sandy,7.3,228.77,110.32,134.52,4.88,Dry,34.25,77.63,990.68,11.74,6.93,Tropical,709.48,Wheat
Sandy,7.44,179.51,128.94,48.07,1.29,Dry,37.11,83.72,574.74,0.13,5.32,Arid,1877.37,Sugarcane
Clay,7.67,202.0,92.76,53.39,2.91,Moderate,25.53,54.73,877.7,7.85,9.39,Tropical,1618.56,Soybean
Clay,5.78,40.79,114.47,231.18,2.78,Moderate,28.59,43.76,555.27,12.33,8.77,Tropical,1566.22,Rice
Sandy,6.11,201.43,127.67,119.19,2.92,Wet,33.6,36.01,885.32,16.82,2.88,Arid,862.78,Maize
Loamy,6.0,122.92,131.97,150.05,2.22,Wet,33.55,68.28,1147.24,3.4,2.52,Tropical,538.53,Soybean
Loamy,5.13,132.39,134.12,35.61,4.47,Dry,25.02,47.78,1665.51,8.53,1.76,Tropical,510.79,Soybean
Clay,8.21,28.96,7.23,223.94,2.12,Dry,11.69,71.38,1540.63,11.69,0.52,Temperate,326.38,Barley
Sandy,5.14,144.5,138.22,16.75,1.21,Moderate,18.91,58.06,1114.84,4.19,4.57,Tropical,166.2,Sugarcane
Loamy,7.85,222.92,102.24,144.63,0.55,Moderate,38.05,28.41,869.74,16.52,7.69,Arid,632.35,Rice
Sandy,7.63,267.4,119.52,158.83,4.84,Wet,30.45,33.62,1181.27,0.21,6.46,Temperate,1687.16,Barley
Clay,6.88,137.54,146.12,39.63,3.29,Dry,25.21,63.27,1011.16,17.24,9.76,Tropical,288.69,Maize
Sandy,7.78,298.42,55.27,17.36,2.82,Wet,12.11,56.41,629.04,19.37,7.37,Arid,1554.86,Rice
Clay,8.36,143.29,65.16,159.07,0.63,Dry,20.82,62.84,1617.64,17.57,4.88,Tropical,1433.12,Maize
Sandy,6.16,259.16,126.65,111.22,3.18,Wet,37.89,35.39,674.02,8.79,6.49,Arid,716.32,Sugarcane
Sandy,8.34,114.97,94.78,23.37,0.53,Dry,20.24,34.11,1192.31,4.32,9.83,Temperate,689.79,Rice
Loamy,7.42,18.87,129.82,72.37,0.63,Wet,22.65,30.3,660.55,19.79,6.63,Temperate,468.05,Wheat
Clay,7.91,33.09,114.42,244.81,2.2,Moderate,10.82,30.71,702.91,8.69,0.85,Arid,599.32,Wheat
Clay,7.82,245.3,115.85,138.97,2.48,Dry,13.3,37.86,1519.04,19.94,3.38,Arid,1952.32,Rice
Loamy,7.53,219.09,8.5,173.38,4.86,Dry,20.42,38.98,1569.59,15.44,9.36,Tropical,1894.6,Sugarcane
Loamy,6.82,50.29,118.72,181.84,3.47,Moderate,30.52,29.02,563.89,16.53,0.69,Temperate,1661.94,Maize
Loamy,6.82,76.78,134.02,154.31,0.93,Dry,25.27,65.21,827.68,0.4,4.44,Arid,1542.24,Wheat
Loamy,8.49,11.42,38.29,32.81,1.74,Dry,29.69,58.59,1896.78,5.73,2.0,Temperate,1498.66,Wheat
Sandy,8.02,90.82,135.99,133.11,2.78,Moderate,24.84,35.88,1943.54,8.2,2.1,Temperate,100.15,Sugarcane
Loamy,7.96,97.37,114.15,76.85,0.86,Moderate,21.37,36.12,758.96,1.67,0.52,Tropical,1665.51,Soybean
Sandy,7.35,130.9,93.39,15.77,1.96,Dry,17.32,39.3,1570.87,15.47,8.73,Arid,1323.01,Sugarcane
Sandy,5.48,224.35,22.05,159.24,3.88,Wet,34.08,88.52,1043.38,14.16,5.03,Arid,1495.96,Barley
Clay,7.74,232.84,21.45,235.47,4.2,Dry,33.72,34.27,646.46,1.87,4.46,Arid,557.25,Soybean
Clay,6.19,173.73,146.13,157.29,3.79,Wet,28.31,82.44,1896.72,1.5,3.31,Arid,387.08,Soybean
Sandy,6.67,250.71,45.46,220.28,4.53,Moderate,25.31,29.11,646.07,13.04,1.53,Arid,1383.38,Barley
Clay,7.23,124.48,36.99,98.76,4.06,Dry,30.04,83.69,1380.08,18.65,3.2,Arid,63.56,Barley
Clay,7.53,207.41,13.41,225.95,2.85,Dry,35.17,44.78,1648.97,7.57,5.41,Tropical,1141.31,Sugarcane
Clay,7.46,85.89,116.58,78.46,1.72,Wet,24.17,52.6,522.74,4.49,4.58,Tropical,1026.5,Maize
Loamy,7.0,217.08,89.2,169.39,1.67,Wet,39.62,55.15,966.37,12.0,2.76,Temperate,551.91,Soybean
Clay,7.38,35.49,120.94,91.75,0.85,Moderate,16.73,24.63,1314.99,14.38,6.19,Tropical,1321.78,Rice
Sandy,7.83,178.86,84.28,31.8,3.33,Moderate,33.85,79.11,978.27,9.38,2.57,Tropical,207.8,Maize
Loamy,5.5,177.3,63.65,116.76,2.05,Dry,22.76,75.45,1107.06,9.14,9.67,Temperate,1934.89,Rice
Clay,7.85,104.99,6.15,25.51,3.67,Moderate,36.53,57.01,1252.01,14.29,9.04,Tropical,737.07,Rice
Clay,6.8,201.15,18.65,78.41,0.56,Dry,21.28,53.42,759.74,11.47,2.04,Arid,1064.41,Barley
Loamy,5.41,104.12,30.54,15.78,4.15,Dry,36.12,72.77,686.4,3.0,7.8,Tropical,1084.94,Rice
Clay,5.64,247.26,42.96,152.11,3.49,Wet,27.02,65.09,1322.51,2.8,4.58,Tropical,1477.04,Sugarcane
Loamy,7.51,280.63,105.63,235.01,1.91,Moderate,16.34,78.34,1611.44,8.21,3.48,Tropical,1753.18,Barley
Sandy,6.48,73.69,74.08,84.77,1.88,Wet,23.1,83.51,1959.28,8.13,9.26,Arid,828.0,Maize
Sandy,6.23,84.15,9.73,88.7,4.11,Moderate,27.6,57.76,590.56,5.67,8.24,Temperate,281.33,Sugarcane
Clay,5.37,42.43,123.98,223.52,4.79,Dry,20.79,55.28,1569.35,17.05,2.64,Temperate,1995.74,Barley
Loamy,6.85,172.9,34.16,188.71,3.92,Moderate,21.7,31.59,1308.2,17.13,1.78,Arid,685.04,Rice
Clay,7.39,288.91,127.75,62.32,4.1,Dry,39.43,46.26,730.95,14.49,6.33,Temperate,1825.03,Sugarcane
Sandy,5.33,232.46,37.68,14.93,1.04,Wet,31.29,26.68,1009.04,12.16,2.06,Temperate,500.46,Maize
Sandy,5.56,88.74,27.75,243.88,1.45,Dry,22.95,29.51,774.27,1.0,7.5,Arid,689.82,Rice
Sandy,5.96,27.74,149.77,218.44,4.82,Moderate,31.5,57.27,1768.46,13.06,5.77,Arid,954.19,Sugarcane
Clay,6.93,287.61,49.55,202.63,3.26,Moderate,30.6,86.93,1734.78,13.93,5.45,Temperate,1586.53,Soybean
Sandy,5.13,26.01,69.75,214.27,4.17,Moderate,17.39,22.06,1008.83,3.38,4.97,Temperate,1712.65,Wheat
Clay,8.27,190.68,39.33,165.01,0.85,Wet,31.45,65.1,1129.56,10.7,2.64,Tropical,516.36,Barley
Sandy,5.31,97.57,126.61,230.45,3.04,Wet,12.69,24.98,526.6,1.09,9.73,Tropical,118.3,Wheat
Sandy,6.61,19.76,15.56,42.85,3.54,Dry,20.89,84.34,1849.55,8.33,5.07,Temperate,1867.14,Maize
Sandy,7.35,228.56,11.72,115.35,1.47,Wet,12.33,37.06,843.29,13.05,7.46,Tropical,1432.0,Sugarcane
Loamy,6.84,188.09,112.15,95.65,4.87,Dry,12.84,62.58,1210.78,18.93,2.48,Tropical,1032.63,Wheat
Sandy,7.87,266.61,138.55,117.1,1.68,Dry,26.42,86.98,1793.84,9.01,1.05,Temperate,1813.7,Soybean
Clay,5.46,295.17,78.33,56.93,1.46,Moderate,24.91,20.12,1315.92,16.67,5.21,Temperate,1554.95,Sugarcane
Sandy,8.44,188.7,62.79,80.98,3.89,Dry,24.74,54.88,893.85,3.58,7.92,Arid,1460.55,Wheat
Sandy,7.24,220.97,14.13,249.58,1.35,Dry,28.85,65.87,1102.25,15.61,6.07,Tropical,1724.29,Sugarcane
Clay,7.58,201.59,140.55,235.26,2.91,Dry,17.67,48.28,1723.91,18.38,7.94,Tropical,833.11,Maize
Loamy,7.25,117.75,90.23,198.75,0.54,Dry,17.89,35.43,877.58,3.57,6.39,Tropical,432.38,Rice
Loamy,6.98,234.55,98.35,174.1,2.94,Moderate,20.29,45.63,1057.18,19.87,7.02,Temperate,1997.13,Barley
Sandy,8.5,272.65,47.02,37.32,3.9,Wet,26.54,21.44,1934.67,5.23,3.26,Tropical,490.63,Rice
Loamy,6.31,268.9,67.43,151.76,1.7,Wet,15.86,27.71,1350.03,14.74,6.64,Tropical,1818.93,Soybean
Sandy,6.11,187.92,125.73,33.32,4.19,Dry,25.54,20.38,1033.7,6.91,5.21,Tropical,1801.73,Soybean
Loamy,5.69,155.99,126.28,198.43,3.09,Moderate,28.87,84.54,1352.32,0.14,3.8,Arid,760.19,Sugarcane
Loamy,7.06,130.34,20.32,130.82,1.47,Wet,35.02,81.31,1290.13,1.56,8.29,Arid,958.58,Wheat
Sandy,7.36,121.35,64.63,77.63,2.81,Wet,20.39,56.35,1010.16,6.09,2.09,Temperate,727.16,Barley
Sandy,6.19,238.58,78.32,180.04,1.15,Dry,32.95,34.09,561.75,1.67,8.33,Arid,1770.34,Soybean
Clay,6.17,199.42,21.27,81.34,2.89,Wet,19.03,38.48,637.58,9.3,2.17,Temperate,1556.71,Soybean
Sandy,5.32,196.9,11.94,107.73,1.63,Dry,21.77,76.65,537.39,7.56,2.69,Arid,1719.22,Wheat
Clay,6.57,120.96,121.5,23.46,3.42,Moderate,19.45,87.78,1841.97,6.15,3.63,Temperate,1010.6,Sugarcane
Loamy,7.04,18.18,101.92,59.73,0.93,Wet,15.98,57.94,1307.58,17.39,6.96,Arid,1958.75,Sugarcane
Clay,7.17,133.45,20.9,135.13,0.68,Dry,23.59,87.4,1670.52,12.91,1.81,Temperate,1707.9,Rice
Clay,6.34,114.91,139.95,100.8,0.58,Dry,24.99,41.05,1060.19,11.99,5.75,Arid,707.6,Sugarcane
Sandy,5.49,242.71,87.42,241.85,1.66,Dry,34.24,70.05,971.61,19.89,1.89,Tropical,1324.62,Soybean
Loamy,8.17,277.81,142.7,187.78,1.09,Dry,36.67,52.01,1732.53,10.48,4.14,Tropical,1161.29,Maize
Sandy,5.49,48.63,74.22,22.91,1.84,Moderate,14.62,62.61,1171.26,11.33,8.8,Arid,1321.87,Barley
Sandy,8.36,190.36,44.47,98.06,4.72,Moderate,36.6,73.63,1898.12,17.08,7.79,Arid,1735.75,Rice
Loamy,7.21,188.22,116.06,182.36,1.23,Wet,12.22,82.29,1293.27,1.91,6.01,Tropical,873.51,Maize
Loamy,5.35,179.34,129.47,83.48,4.26,Wet,17.39,45.57,1097.64,1.27,3.47,Temperate,504.3,Soybean
Clay,6.28,209.44,135.92,41.36,1.01,Wet,21.51,62.78,574.59,8.45,4.47,Temperate,373.24,Wheat
Loamy,7.71,197.23,52.76,49.16,3.29,Moderate,22.87,25.65,1169.64,8.8,7.64,Temperate,817.07,Maize
Loamy,6.46,88.09,78.56,105.42,3.35,Wet,10.25,76.28,1568.95,9.76,5.86,Temperate,921.46,Maize
Clay,6.3,219.98,135.92,92.0,0.83,Wet,33.47,80.67,883.93,14.25,9.95,Arid,156.52,Wheat
Loamy,6.33,236.91,125.88,65.98,1.76,Wet,26.71,59.79,994.97,3.66,3.17,Temperate,1687.97,Sugarcane
Loamy,7.0,158.49,55.5,160.43,3.84,Moderate,26.62,56.34,1787.7,1.68,0.89,Tropical,1800.35,Rice
Loamy,5.94,295.03,100.78,62.54,3.81,Moderate,38.22,30.45,889.6,0.45,3.75,Arid,465.98,Maize
Sandy,6.65,275.22,100.89,40.56,4.5,Moderate,17.77,45.33,1928.66,17.61,2.96,Arid,306.7,Wheat
Clay,5.18,123.86,8.4,231.39,3.52,Moderate,13.44,21.14,862.11,1.77,2.46,Temperate,566.74,Sugarcane
Clay,5.67,295.3,102.51,63.55,4.18,Wet,24.92,36.51,1748.42,14.04,6.4,Arid,1401.11,Soybean
Clay,5.14,45.14,88.54,242.86,2.31,Moderate,21.31,77.95,1055.13,3.37,7.7,Temperate,528.63,Maize
Clay,5.22,84.05,77.48,219.14,0.62,Wet,32.83,88.2,1199.43,2.66,5.88,Tropical,169.82,Wheat
Clay,8.04,287.19,39.32,133.08,4.77,Wet,19.95,21.99,829.03,3.73,8.4,Arid,1674.24,Maize
Sandy,5.42,299.49,142.12,193.04,0.6,Wet,20.01,86.56,1683.47,9.27,4.54,Temperate,247.82,Wheat
Sandy,5.26,213.98,77.53,103.39,3.49,Dry,26.69,33.22,999.75,10.57,1.66,Tropical,813.81,Soybean
Clay,6.35,175.05,128.23,173.08,4.47,Moderate,11.41,84.66,1374.19,11.1,4.86,Arid,1346.83,Sugarcane
Sandy,8.48,101.67,110.34,123.43,4.76,Wet,35.5,59.21,1118.58,3.07,7.94,Temperate,1169.83,Rice
Sandy,7.44,97.26,147.62,141.77,2.05,Wet,19.05,22.56,1793.16,12.16,5.12,Temperate,663.75,Maize
Sandy,7.41,182.63,134.82,38.28,4.39,Moderate,23.26,80.65,1823.97,7.69,9.71,Tropical,170.79,Soybean
Loamy,6.58,167.52,148.76,246.37,4.88,Wet,36.85,48.57,766.09,14.33,9.21,Temperate,479.09,Barley
Loamy,8.24,199.22,34.31,169.39,0.55,Dry,29.73,58.98,878.24,1.74,2.52,Temperate,1840.97,Wheat
Sandy,7.9,258.24,108.22,167.77,3.64,Moderate,11.07,74.2,713.39,3.51,3.26,Temperate,137.68,Barley
Sandy,6.69,97.18,69.06,164.08,4.85,Dry,38.55,40.5,1959.84,4.84,5.91,Arid,1071.19,Rice
Sandy,6.68,287.26,14.32,71.59,4.39,Wet,13.23,35.23,1633.15,6.41,5.6,Tropical,965.26,Soybean
Loamy,6.02,68.66,68.19,119.68,4.84,Dry,37.46,89.09,1265.92,14.49,0.7,Tropical,507.75,Sugarcane
Clay,7.93,260.96,88.61,220.2,3.15,Dry,37.7,60.14,1689.5,10.36,1.77,Temperate,1062.56,Maize
Clay,6.29,79.52,130.81,144.51,4.37,Moderate,39.98,78.53,923.51,14.47,2.32,Tropical,941.36,Wheat
Sandy,5.33,70.98,22.29,230.07,3.24,Dry,39.86,49.07,1731.08,9.49,7.77,Tropical,1219.41,Maize
Clay,7.66,126.44,45.63,228.77,4.97,Moderate,38.47,49.25,712.58,16.46,9.05,Tropical,642.01,Sugarcane
Clay,8.17,264.55,11.79,125.18,0.57,Moderate,10.64,24.8,643.4,16.71,6.61,Tropical,347.8,Wheat
Sandy,5.96,60.93,54.55,124.03,1.51,Dry,31.74,81.69,1929.82,10.68,5.26,Temperate,834.98,Soybean
Clay,7.85,119.74,96.04,12.72,4.07,Dry,17.09,45.82,1771.15,4.54,8.98,Tropical,725.23,Barley
Clay,6.55,28.71,89.07,171.36,3.13,Wet,12.33,62.88,609.04,4.66,1.43,Arid,857.29,Wheat
Loamy,5.84,290.32,145.7,249.82,1.04,Dry,18.43,58.98,1034.75,10.25,4.07,Arid,1524.07,Wheat
Loamy,5.37,165.49,54.39,37.52,1.2,Wet,36.79,24.77,1024.71,8.26,7.75,Temperate,207.52,Sugarcane
Clay,6.13,148.02,49.09,132.17,1.91,Moderate,26.85,48.94,1287.54,12.6,5.79,Arid,921.56,Rice
Sandy,5.75,71.86,16.81,30.63,3.4,Dry,25.17,42.94,1009.42,9.35,5.18,Arid,460.85,Sugarcane
Sandy,5.05,137.58,130.31,15.77,1.76,Wet,25.89,74.55,1194.21,7.24,3.63,Tropical,713.71,Wheat
Sandy,5.99,233.5,34.72,81.48,3.16,Dry,18.67,72.73,1748.21,14.1,3.02,Tropical,1822.34,Wheat
Loamy,7.69,152.27,56.74,208.33,2.24,Wet,23.77,32.66,538.46,10.8,2.72,Tropical,1116.09,Barley
Clay,7.47,260.34,27.83,201.95,2.7,Moderate,25.76,44.42,1594.66,13.24,7.13,Tropical,1833.01,Wheat
Sandy,7.46,199.18,79.39,184.31,2.5,Moderate,29.77,31.9,1757.05,11.18,9.97,Tropical,1249.21,Barley
Sandy,5.64,15.72,47.32,198.04,2.48,Moderate,26.13,45.39,869.81,4.11,9.0,Temperate,1772.22,Wheat
Sandy,8.19,35.44,124.42,90.27,3.28,Dry,20.2,21.02,1270.55,1.06,6.89,Arid,1708.08,Barley
Clay,6.67,295.36,146.38,50.94,3.95,Dry,20.75,70.07,924.74,13.85,3.31,Arid,112.94,Maize
Loamy,5.77,210.99,91.59,215.7,4.79,Wet,19.46,27.61,565.72,18.28,3.49,Arid,1291.74,Soybean
Clay,8.47,110.9,138.45,148.07,2.74,Wet,37.03,39.46,1755.59,12.65,7.86,Temperate,1583.08,Wheat
Sandy,7.6,159.77,107.06,42.77,0.66,Dry,16.72,68.29,1764.04,10.05,9.54,Temperate,1257.12,Maize
Clay,6.62,112.88,85.44,201.42,4.65,Moderate,14.41,53.42,1168.98,14.67,9.33,Tropical,1052.2,Barley
Loamy,7.07,70.1,143.7,32.98,2.56,Dry,38.03,72.48,802.77,15.26,8.67,Arid,1554.48,Rice
Sandy,6.67,133.62,56.35,220.0,1.94,Dry,25.98,67.39,635.33,6.23,4.81,Tropical,1553.73,Barley
Clay,7.44,38.54,89.35,113.59,4.77,Dry,16.98,34.41,1167.48,19.7,6.09,Arid,201.16,Soybean
Clay,5.01,123.51,29.35,243.62,1.6,Wet,10.25,76.49,1772.13,15.16,7.51,Arid,376.74,Sugarcane
Sandy,6.31,230.79,114.76,220.79,2.97,Dry,20.9,38.36,1476.55,16.01,2.17,Temperate,491.95,Sugarcane
Clay,7.33,175.41,141.33,151.56,0.55,Dry,11.05,84.65,1739.21,6.76,9.21,Tropical,667.34,Barley
Clay,6.34,268.46,14.66,169.91,4.96,Dry,11.71,60.38,1621.07,17.53,9.71,Arid,1702.86,Maize
Clay,7.06,163.2,12.32,238.73,3.16,Wet,28.61,58.9,539.23,15.29,3.8,Tropical,1617.93,Barley
Sandy,5.84,49.3,142.52,174.36,1.64,Dry,19.12,49.0,1505.29,5.73,1.37,Temperate,127.97,Maize
Sandy,7.6,204.7,50.63,230.59,0.78,Wet,22.86,80.18,1753.44,14.13,7.02,Tropical,1796.59,Maize
Sandy,5.37,112.85,43.56,64.16,4.61,Dry,22.6,83.52,1530.11,8.44,3.06,Arid,134.48,Wheat
Clay,5.63,40.7,139.69,39.36,4.0,Wet,39.4,21.33,613.77,10.65,2.49,Arid,600.24,Sugarcane
Sandy,5.79,17.83,49.59,187.13,0.55,Moderate,37.56,48.27,724.02,11.19,5.26,Tropical,233.35,Rice
Sandy,8.1,191.33,51.57,73.5,2.58,Dry,24.68,34.58,510.69,11.05,5.71,Tropical,1910.9,Barley
Sandy,8.12,236.28,122.05,230.02,1.89,Wet,35.69,78.19,1526.72,7.56,8.28,Arid,1819.89,Wheat
Loamy,7.42,110.48,143.78,80.83,3.47,Dry,19.23,29.29,936.07,16.97,9.89,Tropical,1760.71,Soybean
Sandy,6.79,253.96,119.07,104.63,2.66,Wet,11.16,29.53,786.51,0.94,8.43,Arid,1067.51,Rice
Loamy,7.82,139.39,97.25,121.91,4.36,Dry,16.01,61.6,1465.39,2.27,3.99,Temperate,1491.34,Wheat
Loamy,6.36,265.53,73.08,35.34,0.73,Wet,33.27,25.62,1671.98,10.53,5.12,Arid,61.94,Wheat
Clay,6.43,162.4,48.46,155.32,3.77,Moderate,38.14,87.52,1796.51,13.15,7.06,Temperate,1368.54,Maize
Clay,7.45,175.98,11.63,103.48,3.41,Wet,19.28,88.28,991.19,12.27,5.93,Arid,1499.91,Wheat
Sandy,7.1,12.61,128.66,43.24,2.22,Dry,19.76,41.78,1554.27,12.66,3.98,Temperate,1698.79,Barley
Sandy,6.85,299.62,137.76,103.91,1.71,Moderate,13.86,84.06,1653.7,1.03,8.53,Temperate,432.76,Rice
Sandy,6.53,257.82,34.92,73.0,3.01,Moderate,12.77,76.99,1618.14,17.82,3.23,Arid,93.4,Wheat
Clay,5.61,106.55,40.33,175.21,3.08,Dry,22.44,63.72,1425.77,13.5,8.66,Tropical,420.3,Rice
Loamy,5.67,38.05,51.13,224.77,4.65,Moderate,29.64,72.01,523.02,16.37,9.48,Tropical,1430.21,Rice
Clay,6.77,70.72,113.87,115.85,2.48,Dry,18.68,55.45,1131.33,8.0,9.46,Tropical,1014.82,Wheat
Loamy,5.52,260.48,70.67,26.68,1.47,Moderate,17.26,48.58,1353.06,0.58,0.67,Temperate,971.01,Sugarcane
Sandy,7.61,62.22,7.41,119.91,1.28,Dry,22.52,74.52,1996.7,6.58,8.37,Temperate,1835.91,Rice
Sandy,6.34,246.99,41.55,191.3,1.12,Dry,32.81,61.58,1589.81,19.74,6.76,Tropical,627.25,Barley
Loamy,7.27,207.03,34.76,15.62,1.71,Moderate,13.1,73.15,845.68,14.37,7.68,Tropical,472.59,Rice
Sandy,5.65,168.52,31.8,193.42,2.2,Wet,19.41,39.34,605.33,4.34,6.77,Tropical,1036.15,Maize
Loamy,5.11,250.42,22.15,87.23,2.89,Dry,37.84,41.98,753.33,17.88,0.71,Temperate,1238.1,Barley
Sandy,5.97,278.61,117.2,103.67,0.96,Dry,20.29,65.63,1822.24,2.32,8.74,Arid,1084.45,Rice
